{
    "$schema": "https://schema.management.azure.com/schemas/2015-01-01/deploymentParameters.json#",
    "contentVersion": "1.0.0.0",
    "parameters": {
        "vulnerabilityAssessments_Default_storageContainerPath": {
            "value": null
        },
        "servers_srvdbtftec_name": {
            "value": null
        },
        "sites_tftecpartiunuvem_name": {
            "value": null
        },
        "virtualMachines_vm_db_name": {
            "value": null
        },
        "virtualMachines_vm_app_name": {
            "value": null
        },
        "networkInterfaces_vm_db109_name": {
            "value": null
        },
        "publicIPAddresses_vm_db_ip_name": {
            "value": null
        },
        "MigrateProjects_partiunuvem_name": {
            "value": null
        },
        "networkInterfaces_vm_app626_name": {
            "value": null
        },
        "publicIPAddresses_vm_app_ip_name": {
            "value": null
        },
        "networkSecurityGroups_nsg_db_name": {
            "value": null
        },
        "MigrateProjects_projeto_tftec_name": {
            "value": null
        },
        "networkSecurityGroups_nsg_app_name": {
            "value": null
        },
        "serverfarms_tftecpartiunuvem_64f8_name": {
            "value": null
        },
        "virtualNetworks_vnet_partiunuvem_name": {
            "value": null
        },
        "sqlVirtualMachines_vm_db_name": {
            "value": null
        }
    }
}