{
    "$schema": "https://schema.management.azure.com/schemas/2019-04-01/deploymentTemplate.json#",
    "contentVersion": "1.0.0.0",
    "parameters": {
        "vulnerabilityAssessments_Default_storageContainerPath": {
            "type": "SecureString"
        },
        "servers_srvdbtftec_name": {
            "defaultValue": "srvdbtftec",
            "type": "String"
        },
        "sites_tftecpartiunuvem_name": {
            "defaultValue": "tftecpartiunuvem",
            "type": "String"
        },
        "virtualMachines_vm_db_name": {
            "defaultValue": "vm-db",
            "type": "String"
        },
        "virtualMachines_vm_app_name": {
            "defaultValue": "vm-app",
            "type": "String"
        },
        "networkInterfaces_vm_db109_name": {
            "defaultValue": "vm-db109",
            "type": "String"
        },
        "publicIPAddresses_vm_db_ip_name": {
            "defaultValue": "vm-db-ip",
            "type": "String"
        },
        "MigrateProjects_partiunuvem_name": {
            "defaultValue": "partiunuvem",
            "type": "String"
        },
        "networkInterfaces_vm_app626_name": {
            "defaultValue": "vm-app626",
            "type": "String"
        },
        "publicIPAddresses_vm_app_ip_name": {
            "defaultValue": "vm-app-ip",
            "type": "String"
        },
        "networkSecurityGroups_nsg_db_name": {
            "defaultValue": "nsg-db",
            "type": "String"
        },
        "MigrateProjects_projeto_tftec_name": {
            "defaultValue": "projeto-tftec",
            "type": "String"
        },
        "networkSecurityGroups_nsg_app_name": {
            "defaultValue": "nsg-app",
            "type": "String"
        },
        "serverfarms_tftecpartiunuvem_64f8_name": {
            "defaultValue": "tftecpartiunuvem-64f8",
            "type": "String"
        },
        "virtualNetworks_vnet_partiunuvem_name": {
            "defaultValue": "vnet-partiunuvem",
            "type": "String"
        },
        "sqlVirtualMachines_vm_db_name": {
            "defaultValue": "vm-db",
            "type": "String"
        }
    },
    "variables": {},
    "resources": [
        {
            "type": "Microsoft.Migrate/MigrateProjects",
            "apiVersion": "2020-05-01",
            "name": "[parameters('MigrateProjects_partiunuvem_name')]",
            "location": "westus2",
            "tags": {
                "Migrate Project": "partiunuvem"
            },
            "properties": {
                "publicNetworkAccess": "Enabled",
                "serviceEndpoint": "https://b9b4d503-0507-4be9-9f19-0f12c398c888-isv.wus2.hub.privatelink.prod.migration.windowsazure.com/resources/b9b4d503-0507-4be9-9f19-0f12c398c888"
            }
        },
        {
            "type": "Microsoft.Migrate/MigrateProjects",
            "apiVersion": "2020-05-01",
            "name": "[parameters('MigrateProjects_projeto_tftec_name')]",
            "location": "westus2",
            "tags": {
                "Migrate Project": "projeto-tftec"
            },
            "properties": {
                "publicNetworkAccess": "Enabled",
                "serviceEndpoint": "https://389165f8-515c-40d6-b384-69c5559533f1-isv.wus2.hub.privatelink.prod.migration.windowsazure.com/resources/389165f8-515c-40d6-b384-69c5559533f1"
            }
        },
        {
            "type": "Microsoft.Network/publicIPAddresses",
            "apiVersion": "2022-09-01",
            "name": "[parameters('publicIPAddresses_vm_app_ip_name')]",
            "location": "eastus",
            "tags": {
                "Ambiente": "Partiunuvem"
            },
            "sku": {
                "name": "Standard",
                "tier": "Regional"
            },
            "properties": {
                "ipAddress": "52.191.55.136",
                "publicIPAddressVersion": "IPv4",
                "publicIPAllocationMethod": "Static",
                "idleTimeoutInMinutes": 4,
                "ipTags": []
            }
        },
        {
            "type": "Microsoft.Network/publicIPAddresses",
            "apiVersion": "2022-09-01",
            "name": "[parameters('publicIPAddresses_vm_db_ip_name')]",
            "location": "eastus",
            "tags": {
                "Ambiente": "Partiunuvem"
            },
            "sku": {
                "name": "Standard",
                "tier": "Regional"
            },
            "properties": {
                "ipAddress": "20.25.109.56",
                "publicIPAddressVersion": "IPv4",
                "publicIPAllocationMethod": "Static",
                "idleTimeoutInMinutes": 4,
                "ipTags": []
            }
        },
        {
            "type": "Microsoft.Sql/servers",
            "apiVersion": "2022-08-01-preview",
            "name": "[parameters('servers_srvdbtftec_name')]",
            "location": "eastus",
            "tags": {
                "Ambiente": "Partiunuvem"
            },
            "kind": "v12.0",
            "properties": {
                "administratorLogin": "adminsql",
                "version": "12.0",
                "minimalTlsVersion": "1.2",
                "publicNetworkAccess": "Enabled",
                "restrictOutboundNetworkAccess": "Disabled"
            }
        },
        {
            "type": "Microsoft.Web/serverfarms",
            "apiVersion": "2022-09-01",
            "name": "[parameters('serverfarms_tftecpartiunuvem_64f8_name')]",
            "location": "East US",
            "sku": {
                "name": "P1v2",
                "tier": "PremiumV2",
                "size": "P1v2",
                "family": "Pv2",
                "capacity": 1
            },
            "kind": "app",
            "properties": {
                "perSiteScaling": false,
                "elasticScaleEnabled": false,
                "maximumElasticWorkerCount": 1,
                "isSpot": false,
                "reserved": false,
                "isXenon": false,
                "hyperV": false,
                "targetWorkerCount": 0,
                "targetWorkerSizeId": 0,
                "zoneRedundant": false
            }
        },
        {
            "type": "Microsoft.Compute/virtualMachines",
            "apiVersion": "2022-11-01",
            "name": "[parameters('virtualMachines_vm_app_name')]",
            "location": "eastus",
            "dependsOn": [
                "[resourceId('Microsoft.Network/networkInterfaces', parameters('networkInterfaces_vm_app626_name'))]"
            ],
            "tags": {
                "Ambiente": "Partiunuvem"
            },
            "properties": {
                "hardwareProfile": {
                    "vmSize": "Standard_B2ms"
                },
                "storageProfile": {
                    "imageReference": {
                        "publisher": "MicrosoftWindowsServer",
                        "offer": "WindowsServer",
                        "sku": "2022-datacenter-azure-edition",
                        "version": "latest"
                    },
                    "osDisk": {
                        "osType": "Windows",
                        "name": "[concat(parameters('virtualMachines_vm_app_name'), '_OsDisk_1_6fef9259f16e4ee3a979565b1546a9ca')]",
                        "createOption": "FromImage",
                        "caching": "ReadWrite",
                        "managedDisk": {
                            "id": "[resourceId('Microsoft.Compute/disks', concat(parameters('virtualMachines_vm_app_name'), '_OsDisk_1_6fef9259f16e4ee3a979565b1546a9ca'))]"
                        },
                        "deleteOption": "Delete"
                    },
                    "dataDisks": [],
                    "diskControllerType": "SCSI"
                },
                "osProfile": {
                    "computerName": "[parameters('virtualMachines_vm_app_name')]",
                    "adminUsername": "admin.azure",
                    "windowsConfiguration": {
                        "provisionVMAgent": true,
                        "enableAutomaticUpdates": true,
                        "patchSettings": {
                            "patchMode": "AutomaticByOS",
                            "assessmentMode": "ImageDefault",
                            "enableHotpatching": false
                        },
                        "enableVMAgentPlatformUpdates": false
                    },
                    "secrets": [],
                    "allowExtensionOperations": true,
                    "requireGuestProvisionSignal": true
                },
                "networkProfile": {
                    "networkInterfaces": [
                        {
                            "id": "[resourceId('Microsoft.Network/networkInterfaces', parameters('networkInterfaces_vm_app626_name'))]",
                            "properties": {
                                "deleteOption": "Delete"
                            }
                        }
                    ]
                },
                "diagnosticsProfile": {
                    "bootDiagnostics": {
                        "enabled": true
                    }
                }
            }
        },
        {
            "type": "Microsoft.Compute/virtualMachines",
            "apiVersion": "2022-11-01",
            "name": "[parameters('virtualMachines_vm_db_name')]",
            "location": "eastus",
            "dependsOn": [
                "[resourceId('Microsoft.Network/networkInterfaces', parameters('networkInterfaces_vm_db109_name'))]"
            ],
            "tags": {
                "Ambiente": "Partiunuvem"
            },
            "properties": {
                "hardwareProfile": {
                    "vmSize": "Standard_B2ms"
                },
                "storageProfile": {
                    "imageReference": {
                        "publisher": "microsoftsqlserver",
                        "offer": "sql2019-ws2022",
                        "sku": "sqldev-gen2",
                        "version": "latest"
                    },
                    "osDisk": {
                        "osType": "Windows",
                        "name": "[concat(parameters('virtualMachines_vm_db_name'), '_OsDisk_1_b4ec72bf44fd4d4a81fd681a0a4ba7dc')]",
                        "createOption": "FromImage",
                        "caching": "ReadWrite",
                        "managedDisk": {
                            "id": "[resourceId('Microsoft.Compute/disks', concat(parameters('virtualMachines_vm_db_name'), '_OsDisk_1_b4ec72bf44fd4d4a81fd681a0a4ba7dc'))]"
                        },
                        "deleteOption": "Delete"
                    },
                    "dataDisks": [
                        {
                            "lun": 0,
                            "name": "[concat(parameters('virtualMachines_vm_db_name'), '_DataDisk_0')]",
                            "createOption": "Attach",
                            "caching": "ReadOnly",
                            "writeAcceleratorEnabled": false,
                            "managedDisk": {
                                "id": "[resourceId('Microsoft.Compute/disks', concat(parameters('virtualMachines_vm_db_name'), '_DataDisk_0'))]"
                            },
                            "deleteOption": "Detach",
                            "toBeDetached": false
                        },
                        {
                            "lun": 1,
                            "name": "[concat(parameters('virtualMachines_vm_db_name'), '_DataDisk_1')]",
                            "createOption": "Attach",
                            "caching": "None",
                            "writeAcceleratorEnabled": false,
                            "managedDisk": {
                                "id": "[resourceId('Microsoft.Compute/disks', concat(parameters('virtualMachines_vm_db_name'), '_DataDisk_1'))]"
                            },
                            "deleteOption": "Detach",
                            "toBeDetached": false
                        }
                    ],
                    "diskControllerType": "SCSI"
                },
                "osProfile": {
                    "computerName": "[parameters('virtualMachines_vm_db_name')]",
                    "adminUsername": "admin.azure",
                    "windowsConfiguration": {
                        "provisionVMAgent": true,
                        "enableAutomaticUpdates": true,
                        "patchSettings": {
                            "patchMode": "AutomaticByOS",
                            "assessmentMode": "ImageDefault",
                            "enableHotpatching": false
                        },
                        "enableVMAgentPlatformUpdates": false
                    },
                    "secrets": [],
                    "allowExtensionOperations": true,
                    "requireGuestProvisionSignal": true
                },
                "networkProfile": {
                    "networkInterfaces": [
                        {
                            "id": "[resourceId('Microsoft.Network/networkInterfaces', parameters('networkInterfaces_vm_db109_name'))]",
                            "properties": {
                                "deleteOption": "Delete"
                            }
                        }
                    ]
                },
                "diagnosticsProfile": {
                    "bootDiagnostics": {
                        "enabled": true
                    }
                }
            }
        },
        {
            "type": "Microsoft.Migrate/MigrateProjects/Solutions",
            "apiVersion": "2018-09-01-preview",
            "name": "[concat(parameters('MigrateProjects_partiunuvem_name'), '/DataCenter-Migration-Modernization')]",
            "dependsOn": [
                "[resourceId('Microsoft.Migrate/MigrateProjects', parameters('MigrateProjects_partiunuvem_name'))]"
            ],
            "properties": {
                "tool": "Modernization",
                "purpose": "Migration",
                "goal": "DataCenter",
                "status": "Inactive",
                "cleanupState": "None",
                "summary": {},
                "details": {
                    "groupCount": 0,
                    "assessmentCount": 0,
                    "extendedDetails": {}
                }
            }
        },
        {
            "type": "Microsoft.Migrate/MigrateProjects/Solutions",
            "apiVersion": "2018-09-01-preview",
            "name": "[concat(parameters('MigrateProjects_projeto_tftec_name'), '/DataCenter-Migration-Modernization')]",
            "dependsOn": [
                "[resourceId('Microsoft.Migrate/MigrateProjects', parameters('MigrateProjects_projeto_tftec_name'))]"
            ],
            "properties": {
                "tool": "Modernization",
                "purpose": "Migration",
                "goal": "DataCenter",
                "status": "Inactive",
                "cleanupState": "None",
                "summary": {},
                "details": {
                    "groupCount": 0,
                    "assessmentCount": 0,
                    "extendedDetails": {}
                }
            }
        },
        {
            "type": "Microsoft.Migrate/MigrateProjects/Solutions",
            "apiVersion": "2018-09-01-preview",
            "name": "[concat(parameters('MigrateProjects_partiunuvem_name'), '/Servers-Assessment-ServerAssessment')]",
            "dependsOn": [
                "[resourceId('Microsoft.Migrate/MigrateProjects', parameters('MigrateProjects_partiunuvem_name'))]"
            ],
            "properties": {
                "tool": "ServerAssessment",
                "purpose": "Assessment",
                "goal": "Servers",
                "status": "Active",
                "cleanupState": "None",
                "summary": {
                    "instanceType": "Servers",
                    "discoveredCount": 0,
                    "assessedCount": 0,
                    "replicatingCount": 0,
                    "testMigratedCount": 0,
                    "migratedCount": 0
                },
                "details": {
                    "groupCount": 0,
                    "assessmentCount": 0,
                    "extendedDetails": {
                        "serversOnWindows": "0",
                        "serversOnLinux": "0",
                        "serversOnOther": "0",
                        "dependencyEnabledMachines": "0",
                        "machinesHavingSqlServers": "0",
                        "machinesHavingWebServers": "0"
                    }
                }
            }
        },
        {
            "type": "Microsoft.Migrate/MigrateProjects/Solutions",
            "apiVersion": "2018-09-01-preview",
            "name": "[concat(parameters('MigrateProjects_projeto_tftec_name'), '/Servers-Assessment-ServerAssessment')]",
            "dependsOn": [
                "[resourceId('Microsoft.Migrate/MigrateProjects', parameters('MigrateProjects_projeto_tftec_name'))]"
            ],
            "properties": {
                "tool": "ServerAssessment",
                "purpose": "Assessment",
                "goal": "Servers",
                "status": "Active",
                "cleanupState": "None",
                "summary": {
                    "instanceType": "Servers",
                    "discoveredCount": 0,
                    "assessedCount": 0,
                    "replicatingCount": 0,
                    "testMigratedCount": 0,
                    "migratedCount": 0
                },
                "details": {
                    "groupCount": 0,
                    "assessmentCount": 0,
                    "extendedDetails": {}
                }
            }
        },
        {
            "type": "Microsoft.Migrate/MigrateProjects/Solutions",
            "apiVersion": "2018-09-01-preview",
            "name": "[concat(parameters('MigrateProjects_partiunuvem_name'), '/Servers-Discovery-ServerDiscovery')]",
            "dependsOn": [
                "[resourceId('Microsoft.Migrate/MigrateProjects', parameters('MigrateProjects_partiunuvem_name'))]"
            ],
            "properties": {
                "tool": "ServerDiscovery",
                "purpose": "Discovery",
                "goal": "Servers",
                "status": "Inactive",
                "cleanupState": "None",
                "summary": {
                    "instanceType": "Servers",
                    "discoveredCount": 0,
                    "assessedCount": 0,
                    "replicatingCount": 0,
                    "testMigratedCount": 0,
                    "migratedCount": 0
                },
                "details": {
                    "groupCount": 0,
                    "assessmentCount": 0,
                    "extendedDetails": {
                        "serversOnWindows": "0",
                        "serversOnLinux": "0",
                        "serversOnOther": "0",
                        "dependencyEnabledMachines": "0",
                        "machinesHavingSqlServers": "0",
                        "machinesHavingWebServers": "0"
                    }
                }
            }
        },
        {
            "type": "Microsoft.Migrate/MigrateProjects/Solutions",
            "apiVersion": "2018-09-01-preview",
            "name": "[concat(parameters('MigrateProjects_projeto_tftec_name'), '/Servers-Discovery-ServerDiscovery')]",
            "dependsOn": [
                "[resourceId('Microsoft.Migrate/MigrateProjects', parameters('MigrateProjects_projeto_tftec_name'))]"
            ],
            "properties": {
                "tool": "ServerDiscovery",
                "purpose": "Discovery",
                "goal": "Servers",
                "status": "Inactive",
                "cleanupState": "None",
                "summary": {
                    "instanceType": "Servers",
                    "discoveredCount": 0,
                    "assessedCount": 0,
                    "replicatingCount": 0,
                    "testMigratedCount": 0,
                    "migratedCount": 0
                },
                "details": {
                    "groupCount": 0,
                    "assessmentCount": 0,
                    "extendedDetails": {}
                }
            }
        },
        {
            "type": "Microsoft.Migrate/MigrateProjects/Solutions",
            "apiVersion": "2018-09-01-preview",
            "name": "[concat(parameters('MigrateProjects_partiunuvem_name'), '/Servers-Migration-ServerMigration')]",
            "dependsOn": [
                "[resourceId('Microsoft.Migrate/MigrateProjects', parameters('MigrateProjects_partiunuvem_name'))]"
            ],
            "properties": {
                "tool": "ServerMigration",
                "purpose": "Migration",
                "goal": "Servers",
                "status": "Active",
                "cleanupState": "None",
                "summary": {
                    "instanceType": "Servers",
                    "discoveredCount": 0,
                    "assessedCount": 0,
                    "replicatingCount": 0,
                    "testMigratedCount": 0,
                    "migratedCount": 0
                },
                "details": {
                    "groupCount": 0,
                    "assessmentCount": 0,
                    "extendedDetails": {
                        "serversOnWindows": "0",
                        "serversOnLinux": "0",
                        "serversOnOther": "0",
                        "dependencyEnabledMachines": "0",
                        "machinesHavingSqlServers": "0",
                        "machinesHavingWebServers": "0"
                    }
                }
            }
        },
        {
            "type": "Microsoft.Migrate/MigrateProjects/Solutions",
            "apiVersion": "2018-09-01-preview",
            "name": "[concat(parameters('MigrateProjects_projeto_tftec_name'), '/Servers-Migration-ServerMigration')]",
            "dependsOn": [
                "[resourceId('Microsoft.Migrate/MigrateProjects', parameters('MigrateProjects_projeto_tftec_name'))]"
            ],
            "properties": {
                "tool": "ServerMigration",
                "purpose": "Migration",
                "goal": "Servers",
                "status": "Active",
                "cleanupState": "None",
                "summary": {
                    "instanceType": "Servers",
                    "discoveredCount": 0,
                    "assessedCount": 0,
                    "replicatingCount": 0,
                    "testMigratedCount": 0,
                    "migratedCount": 0
                },
                "details": {
                    "groupCount": 0,
                    "assessmentCount": 0,
                    "extendedDetails": {}
                }
            }
        },
        {
            "type": "Microsoft.Network/networkSecurityGroups",
            "apiVersion": "2022-09-01",
            "name": "[parameters('networkSecurityGroups_nsg_db_name')]",
            "location": "eastus",
            "dependsOn": [
                "[resourceId('Microsoft.Network/networkSecurityGroups/securityRules', parameters('networkSecurityGroups_nsg_db_name'), 'Allow_RDP_3389')]"
            ],
            "tags": {
                "Ambiente": "Partiunuvem"
            },
            "properties": {
                "securityRules": [
                    {
                        "name": "Allow_RDP_3389",
                        "id": "[resourceId('Microsoft.Network/networkSecurityGroups/securityRules', parameters('networkSecurityGroups_nsg_db_name'), 'Allow_RDP_3389')]",
                        "type": "Microsoft.Network/networkSecurityGroups/securityRules",
                        "properties": {
                            "protocol": "TCP",
                            "sourcePortRange": "*",
                            "destinationPortRange": "3389",
                            "sourceAddressPrefix": "*",
                            "destinationAddressPrefix": "10.0.2.4",
                            "access": "Allow",
                            "priority": 300,
                            "direction": "Inbound",
                            "sourcePortRanges": [],
                            "destinationPortRanges": [],
                            "sourceAddressPrefixes": [],
                            "destinationAddressPrefixes": []
                        }
                    }
                ]
            }
        },
        {
            "type": "Microsoft.Network/networkSecurityGroups/securityRules",
            "apiVersion": "2022-09-01",
            "name": "[concat(parameters('networkSecurityGroups_nsg_app_name'), '/Allow_HTTP_80')]",
            "dependsOn": [
                "[resourceId('Microsoft.Network/networkSecurityGroups', parameters('networkSecurityGroups_nsg_app_name'))]"
            ],
            "properties": {
                "protocol": "TCP",
                "sourcePortRange": "*",
                "destinationPortRange": "80",
                "sourceAddressPrefix": "*",
                "destinationAddressPrefix": "10.0.1.4",
                "access": "Allow",
                "priority": 200,
                "direction": "Inbound",
                "sourcePortRanges": [],
                "destinationPortRanges": [],
                "sourceAddressPrefixes": [],
                "destinationAddressPrefixes": []
            }
        },
        {
            "type": "Microsoft.Network/networkSecurityGroups/securityRules",
            "apiVersion": "2022-09-01",
            "name": "[concat(parameters('networkSecurityGroups_nsg_app_name'), '/Allow_RDP_3389')]",
            "dependsOn": [
                "[resourceId('Microsoft.Network/networkSecurityGroups', parameters('networkSecurityGroups_nsg_app_name'))]"
            ],
            "properties": {
                "description": "Allow RDP Port 3389",
                "protocol": "TCP",
                "sourcePortRange": "*",
                "destinationPortRange": "3389",
                "sourceAddressPrefix": "*",
                "destinationAddressPrefix": "10.0.1.4",
                "access": "Allow",
                "priority": 300,
                "direction": "Inbound",
                "sourcePortRanges": [],
                "destinationPortRanges": [],
                "sourceAddressPrefixes": [],
                "destinationAddressPrefixes": []
            }
        },
        {
            "type": "Microsoft.Network/networkSecurityGroups/securityRules",
            "apiVersion": "2022-09-01",
            "name": "[concat(parameters('networkSecurityGroups_nsg_db_name'), '/Allow_RDP_3389')]",
            "dependsOn": [
                "[resourceId('Microsoft.Network/networkSecurityGroups', parameters('networkSecurityGroups_nsg_db_name'))]"
            ],
            "properties": {
                "protocol": "TCP",
                "sourcePortRange": "*",
                "destinationPortRange": "3389",
                "sourceAddressPrefix": "*",
                "destinationAddressPrefix": "10.0.2.4",
                "access": "Allow",
                "priority": 300,
                "direction": "Inbound",
                "sourcePortRanges": [],
                "destinationPortRanges": [],
                "sourceAddressPrefixes": [],
                "destinationAddressPrefixes": []
            }
        },
        {
            "type": "Microsoft.Sql/servers/advancedThreatProtectionSettings",
            "apiVersion": "2022-08-01-preview",
            "name": "[concat(parameters('servers_srvdbtftec_name'), '/Default')]",
            "dependsOn": [
                "[resourceId('Microsoft.Sql/servers', parameters('servers_srvdbtftec_name'))]"
            ],
            "properties": {
                "state": "Disabled"
            }
        },
        {
            "type": "Microsoft.Sql/servers/advisors",
            "apiVersion": "2014-04-01",
            "name": "[concat(parameters('servers_srvdbtftec_name'), '/CreateIndex')]",
            "dependsOn": [
                "[resourceId('Microsoft.Sql/servers', parameters('servers_srvdbtftec_name'))]"
            ],
            "properties": {
                "autoExecuteValue": "Disabled"
            }
        },
        {
            "type": "Microsoft.Sql/servers/advisors",
            "apiVersion": "2014-04-01",
            "name": "[concat(parameters('servers_srvdbtftec_name'), '/DbParameterization')]",
            "dependsOn": [
                "[resourceId('Microsoft.Sql/servers', parameters('servers_srvdbtftec_name'))]"
            ],
            "properties": {
                "autoExecuteValue": "Disabled"
            }
        },
        {
            "type": "Microsoft.Sql/servers/advisors",
            "apiVersion": "2014-04-01",
            "name": "[concat(parameters('servers_srvdbtftec_name'), '/DefragmentIndex')]",
            "dependsOn": [
                "[resourceId('Microsoft.Sql/servers', parameters('servers_srvdbtftec_name'))]"
            ],
            "properties": {
                "autoExecuteValue": "Disabled"
            }
        },
        {
            "type": "Microsoft.Sql/servers/advisors",
            "apiVersion": "2014-04-01",
            "name": "[concat(parameters('servers_srvdbtftec_name'), '/DropIndex')]",
            "dependsOn": [
                "[resourceId('Microsoft.Sql/servers', parameters('servers_srvdbtftec_name'))]"
            ],
            "properties": {
                "autoExecuteValue": "Disabled"
            }
        },
        {
            "type": "Microsoft.Sql/servers/advisors",
            "apiVersion": "2014-04-01",
            "name": "[concat(parameters('servers_srvdbtftec_name'), '/ForceLastGoodPlan')]",
            "dependsOn": [
                "[resourceId('Microsoft.Sql/servers', parameters('servers_srvdbtftec_name'))]"
            ],
            "properties": {
                "autoExecuteValue": "Enabled"
            }
        },
        {
            "type": "Microsoft.Sql/servers/auditingPolicies",
            "apiVersion": "2014-04-01",
            "name": "[concat(parameters('servers_srvdbtftec_name'), '/Default')]",
            "location": "East US",
            "dependsOn": [
                "[resourceId('Microsoft.Sql/servers', parameters('servers_srvdbtftec_name'))]"
            ],
            "properties": {
                "auditingState": "Disabled"
            }
        },
        {
            "type": "Microsoft.Sql/servers/auditingSettings",
            "apiVersion": "2022-08-01-preview",
            "name": "[concat(parameters('servers_srvdbtftec_name'), '/Default')]",
            "dependsOn": [
                "[resourceId('Microsoft.Sql/servers', parameters('servers_srvdbtftec_name'))]"
            ],
            "properties": {
                "retentionDays": 0,
                "auditActionsAndGroups": [],
                "isStorageSecondaryKeyInUse": false,
                "isAzureMonitorTargetEnabled": false,
                "isManagedIdentityInUse": false,
                "state": "Disabled",
                "storageAccountSubscriptionId": "00000000-0000-0000-0000-000000000000"
            }
        },
        {
            "type": "Microsoft.Sql/servers/connectionPolicies",
            "apiVersion": "2022-08-01-preview",
            "name": "[concat(parameters('servers_srvdbtftec_name'), '/default')]",
            "location": "eastus",
            "dependsOn": [
                "[resourceId('Microsoft.Sql/servers', parameters('servers_srvdbtftec_name'))]"
            ],
            "properties": {
                "connectionType": "Default"
            }
        },
        {
            "type": "Microsoft.Sql/servers/databases",
            "apiVersion": "2022-08-01-preview",
            "name": "[concat(parameters('servers_srvdbtftec_name'), '/semananuvem_database')]",
            "location": "eastus",
            "dependsOn": [
                "[resourceId('Microsoft.Sql/servers', parameters('servers_srvdbtftec_name'))]"
            ],
            "tags": {
                "Ambiente": "Partiunuvem"
            },
            "sku": {
                "name": "Standard",
                "tier": "Standard",
                "capacity": 10
            },
            "kind": "v12.0,user",
            "properties": {
                "collation": "SQL_Latin1_General_CP1_CI_AS",
                "maxSizeBytes": 268435456000,
                "catalogCollation": "SQL_Latin1_General_CP1_CI_AS",
                "zoneRedundant": false,
                "readScale": "Disabled",
                "requestedBackupStorageRedundancy": "Local",
                "maintenanceConfigurationId": "/subscriptions/adb0b0b5-7d1b-4a47-a8e4-c08888bae46d/providers/Microsoft.Maintenance/publicMaintenanceConfigurations/SQL_Default",
                "isLedgerOn": false,
                "availabilityZone": "NoPreference"
            }
        },
        {
            "type": "Microsoft.Sql/servers/databases/advancedThreatProtectionSettings",
            "apiVersion": "2022-08-01-preview",
            "name": "[concat(parameters('servers_srvdbtftec_name'), '/master/Default')]",
            "dependsOn": [
                "[resourceId('Microsoft.Sql/servers', parameters('servers_srvdbtftec_name'))]"
            ],
            "properties": {
                "state": "Disabled"
            }
        },
        {
            "type": "Microsoft.Sql/servers/databases/auditingPolicies",
            "apiVersion": "2014-04-01",
            "name": "[concat(parameters('servers_srvdbtftec_name'), '/master/Default')]",
            "location": "East US",
            "dependsOn": [
                "[resourceId('Microsoft.Sql/servers', parameters('servers_srvdbtftec_name'))]"
            ],
            "properties": {
                "auditingState": "Disabled"
            }
        },
        {
            "type": "Microsoft.Sql/servers/databases/auditingSettings",
            "apiVersion": "2022-08-01-preview",
            "name": "[concat(parameters('servers_srvdbtftec_name'), '/master/Default')]",
            "dependsOn": [
                "[resourceId('Microsoft.Sql/servers', parameters('servers_srvdbtftec_name'))]"
            ],
            "properties": {
                "retentionDays": 0,
                "isAzureMonitorTargetEnabled": false,
                "state": "Disabled",
                "storageAccountSubscriptionId": "00000000-0000-0000-0000-000000000000"
            }
        },
        {
            "type": "Microsoft.Sql/servers/databases/extendedAuditingSettings",
            "apiVersion": "2022-08-01-preview",
            "name": "[concat(parameters('servers_srvdbtftec_name'), '/master/Default')]",
            "dependsOn": [
                "[resourceId('Microsoft.Sql/servers', parameters('servers_srvdbtftec_name'))]"
            ],
            "properties": {
                "retentionDays": 0,
                "isAzureMonitorTargetEnabled": false,
                "state": "Disabled",
                "storageAccountSubscriptionId": "00000000-0000-0000-0000-000000000000"
            }
        },
        {
            "type": "Microsoft.Sql/servers/databases/geoBackupPolicies",
            "apiVersion": "2022-08-01-preview",
            "name": "[concat(parameters('servers_srvdbtftec_name'), '/master/Default')]",
            "dependsOn": [
                "[resourceId('Microsoft.Sql/servers', parameters('servers_srvdbtftec_name'))]"
            ],
            "properties": {
                "state": "Disabled"
            }
        },
        {
            "type": "Microsoft.Sql/servers/databases/ledgerDigestUploads",
            "apiVersion": "2022-08-01-preview",
            "name": "[concat(parameters('servers_srvdbtftec_name'), '/master/Current')]",
            "dependsOn": [
                "[resourceId('Microsoft.Sql/servers', parameters('servers_srvdbtftec_name'))]"
            ],
            "properties": {}
        },
        {
            "type": "Microsoft.Sql/servers/databases/securityAlertPolicies",
            "apiVersion": "2022-08-01-preview",
            "name": "[concat(parameters('servers_srvdbtftec_name'), '/master/Default')]",
            "dependsOn": [
                "[resourceId('Microsoft.Sql/servers', parameters('servers_srvdbtftec_name'))]"
            ],
            "properties": {
                "state": "Disabled",
                "disabledAlerts": [
                    ""
                ],
                "emailAddresses": [
                    ""
                ],
                "emailAccountAdmins": false,
                "retentionDays": 0
            }
        },
        {
            "type": "Microsoft.Sql/servers/databases/transparentDataEncryption",
            "apiVersion": "2022-08-01-preview",
            "name": "[concat(parameters('servers_srvdbtftec_name'), '/master/Current')]",
            "dependsOn": [
                "[resourceId('Microsoft.Sql/servers', parameters('servers_srvdbtftec_name'))]"
            ],
            "properties": {
                "state": "Disabled"
            }
        },
        {
            "type": "Microsoft.Sql/servers/databases/vulnerabilityAssessments",
            "apiVersion": "2022-08-01-preview",
            "name": "[concat(parameters('servers_srvdbtftec_name'), '/master/Default')]",
            "dependsOn": [
                "[resourceId('Microsoft.Sql/servers', parameters('servers_srvdbtftec_name'))]"
            ],
            "properties": {
                "recurringScans": {
                    "isEnabled": false,
                    "emailSubscriptionAdmins": true
                }
            }
        },
        {
            "type": "Microsoft.Sql/servers/devOpsAuditingSettings",
            "apiVersion": "2022-08-01-preview",
            "name": "[concat(parameters('servers_srvdbtftec_name'), '/Default')]",
            "dependsOn": [
                "[resourceId('Microsoft.Sql/servers', parameters('servers_srvdbtftec_name'))]"
            ],
            "properties": {
                "isAzureMonitorTargetEnabled": false,
                "isManagedIdentityInUse": false,
                "state": "Disabled",
                "storageAccountSubscriptionId": "00000000-0000-0000-0000-000000000000"
            }
        },
        {
            "type": "Microsoft.Sql/servers/encryptionProtector",
            "apiVersion": "2022-08-01-preview",
            "name": "[concat(parameters('servers_srvdbtftec_name'), '/current')]",
            "dependsOn": [
                "[resourceId('Microsoft.Sql/servers', parameters('servers_srvdbtftec_name'))]"
            ],
            "kind": "servicemanaged",
            "properties": {
                "serverKeyName": "ServiceManaged",
                "serverKeyType": "ServiceManaged",
                "autoRotationEnabled": false
            }
        },
        {
            "type": "Microsoft.Sql/servers/extendedAuditingSettings",
            "apiVersion": "2022-08-01-preview",
            "name": "[concat(parameters('servers_srvdbtftec_name'), '/Default')]",
            "dependsOn": [
                "[resourceId('Microsoft.Sql/servers', parameters('servers_srvdbtftec_name'))]"
            ],
            "properties": {
                "retentionDays": 0,
                "auditActionsAndGroups": [],
                "isStorageSecondaryKeyInUse": false,
                "isAzureMonitorTargetEnabled": false,
                "isManagedIdentityInUse": false,
                "state": "Disabled",
                "storageAccountSubscriptionId": "00000000-0000-0000-0000-000000000000"
            }
        },
        {
            "type": "Microsoft.Sql/servers/firewallRules",
            "apiVersion": "2022-08-01-preview",
            "name": "[concat(parameters('servers_srvdbtftec_name'), '/AllowAllWindowsAzureIps')]",
            "dependsOn": [
                "[resourceId('Microsoft.Sql/servers', parameters('servers_srvdbtftec_name'))]"
            ]
        },
        {
            "type": "Microsoft.Sql/servers/keys",
            "apiVersion": "2022-08-01-preview",
            "name": "[concat(parameters('servers_srvdbtftec_name'), '/ServiceManaged')]",
            "dependsOn": [
                "[resourceId('Microsoft.Sql/servers', parameters('servers_srvdbtftec_name'))]"
            ],
            "kind": "servicemanaged",
            "properties": {
                "serverKeyType": "ServiceManaged"
            }
        },
        {
            "type": "Microsoft.Sql/servers/securityAlertPolicies",
            "apiVersion": "2022-08-01-preview",
            "name": "[concat(parameters('servers_srvdbtftec_name'), '/Default')]",
            "dependsOn": [
                "[resourceId('Microsoft.Sql/servers', parameters('servers_srvdbtftec_name'))]"
            ],
            "properties": {
                "state": "Disabled",
                "disabledAlerts": [
                    ""
                ],
                "emailAddresses": [
                    ""
                ],
                "emailAccountAdmins": false,
                "retentionDays": 0
            }
        },
        {
            "type": "Microsoft.Sql/servers/sqlVulnerabilityAssessments",
            "apiVersion": "2022-08-01-preview",
            "name": "[concat(parameters('servers_srvdbtftec_name'), '/Default')]",
            "dependsOn": [
                "[resourceId('Microsoft.Sql/servers', parameters('servers_srvdbtftec_name'))]"
            ],
            "properties": {
                "state": "Disabled"
            }
        },
        {
            "type": "Microsoft.Sql/servers/vulnerabilityAssessments",
            "apiVersion": "2022-08-01-preview",
            "name": "[concat(parameters('servers_srvdbtftec_name'), '/Default')]",
            "dependsOn": [
                "[resourceId('Microsoft.Sql/servers', parameters('servers_srvdbtftec_name'))]"
            ],
            "properties": {
                "recurringScans": {
                    "isEnabled": false,
                    "emailSubscriptionAdmins": true
                },
                "storageContainerPath": "[parameters('vulnerabilityAssessments_Default_storageContainerPath')]"
            }
        },
        {
            "type": "Microsoft.SqlVirtualMachine/sqlVirtualMachines",
            "apiVersion": "2022-08-01-preview",
            "name": "[parameters('sqlVirtualMachines_vm_db_name')]",
            "location": "eastus",
            "dependsOn": [
                "[resourceId('Microsoft.Compute/virtualMachines', parameters('virtualMachines_vm_db_name'))]"
            ],
            "tags": {
                "Ambiente": "Partiunuvem"
            },
            "properties": {
                "virtualMachineResourceId": "[resourceId('Microsoft.Compute/virtualMachines', parameters('virtualMachines_vm_db_name'))]",
                "sqlImageOffer": "SQL2019-WS2022",
                "sqlServerLicenseType": "PAYG",
                "sqlManagement": "Full",
                "leastPrivilegeMode": "Enabled",
                "sqlImageSku": "Developer",
                "enableAutomaticUpgrade": true
            }
        },
        {
            "type": "Microsoft.Web/sites",
            "apiVersion": "2022-09-01",
            "name": "[parameters('sites_tftecpartiunuvem_name')]",
            "location": "East US",
            "dependsOn": [
                "[resourceId('Microsoft.Web/serverfarms', parameters('serverfarms_tftecpartiunuvem_64f8_name'))]"
            ],
            "tags": {
                "migration": "1.0.6"
            },
            "kind": "app,migration",
            "properties": {
                "enabled": true,
                "hostNameSslStates": [
                    {
                        "name": "[concat(parameters('sites_tftecpartiunuvem_name'), '.azurewebsites.net')]",
                        "sslState": "Disabled",
                        "hostType": "Standard"
                    },
                    {
                        "name": "[concat(parameters('sites_tftecpartiunuvem_name'), '.scm.azurewebsites.net')]",
                        "sslState": "Disabled",
                        "hostType": "Repository"
                    }
                ],
                "serverFarmId": "[resourceId('Microsoft.Web/serverfarms', parameters('serverfarms_tftecpartiunuvem_64f8_name'))]",
                "reserved": false,
                "isXenon": false,
                "hyperV": false,
                "vnetRouteAllEnabled": false,
                "vnetImagePullEnabled": false,
                "vnetContentShareEnabled": false,
                "siteConfig": {
                    "numberOfWorkers": 1,
                    "acrUseManagedIdentityCreds": false,
                    "alwaysOn": false,
                    "http20Enabled": false,
                    "functionAppScaleLimit": 0,
                    "minimumElasticInstanceCount": 0
                },
                "scmSiteAlsoStopped": false,
                "clientAffinityEnabled": true,
                "clientCertEnabled": false,
                "clientCertMode": "Required",
                "hostNamesDisabled": false,
                "customDomainVerificationId": "DDC22258CAE5D684519615A8FAD0D1D50BC075E764130865A21AC1B2C00800A6",
                "containerSize": 0,
                "dailyMemoryTimeQuota": 0,
                "httpsOnly": false,
                "redundancyMode": "None",
                "storageAccountRequired": false,
                "keyVaultReferenceIdentity": "SystemAssigned"
            }
        },
        {
            "type": "Microsoft.Web/sites/basicPublishingCredentialsPolicies",
            "apiVersion": "2022-09-01",
            "name": "[concat(parameters('sites_tftecpartiunuvem_name'), '/ftp')]",
            "location": "East US",
            "dependsOn": [
                "[resourceId('Microsoft.Web/sites', parameters('sites_tftecpartiunuvem_name'))]"
            ],
            "tags": {
                "migration": "1.0.6"
            },
            "properties": {
                "allow": true
            }
        },
        {
            "type": "Microsoft.Web/sites/basicPublishingCredentialsPolicies",
            "apiVersion": "2022-09-01",
            "name": "[concat(parameters('sites_tftecpartiunuvem_name'), '/scm')]",
            "location": "East US",
            "dependsOn": [
                "[resourceId('Microsoft.Web/sites', parameters('sites_tftecpartiunuvem_name'))]"
            ],
            "tags": {
                "migration": "1.0.6"
            },
            "properties": {
                "allow": true
            }
        },
        {
            "type": "Microsoft.Web/sites/config",
            "apiVersion": "2022-09-01",
            "name": "[concat(parameters('sites_tftecpartiunuvem_name'), '/web')]",
            "location": "East US",
            "dependsOn": [
                "[resourceId('Microsoft.Web/sites', parameters('sites_tftecpartiunuvem_name'))]"
            ],
            "tags": {
                "migration": "1.0.6"
            },
            "properties": {
                "numberOfWorkers": 1,
                "defaultDocuments": [
                    "Default.htm",
                    "Default.html",
                    "Default.asp",
                    "index.htm",
                    "index.html",
                    "iisstart.htm",
                    "default.aspx",
                    "index.php",
                    "hostingstart.html"
                ],
                "netFrameworkVersion": "v4.0",
                "phpVersion": "5.6",
                "requestTracingEnabled": false,
                "remoteDebuggingEnabled": false,
                "httpLoggingEnabled": false,
                "acrUseManagedIdentityCreds": false,
                "logsDirectorySizeLimit": 35,
                "detailedErrorLoggingEnabled": false,
                "publishingUsername": "$tftecpartiunuvem",
                "scmType": "None",
                "use32BitWorkerProcess": false,
                "webSocketsEnabled": false,
                "alwaysOn": false,
                "managedPipelineMode": "Integrated",
                "virtualApplications": [
                    {
                        "virtualPath": "/",
                        "physicalPath": "site\\wwwroot",
                        "preloadEnabled": false
                    }
                ],
                "loadBalancing": "LeastRequests",
                "experiments": {
                    "rampUpRules": []
                },
                "autoHealEnabled": false,
                "vnetRouteAllEnabled": false,
                "vnetPrivatePortsCount": 0,
                "localMySqlEnabled": false,
                "ipSecurityRestrictions": [
                    {
                        "ipAddress": "Any",
                        "action": "Allow",
                        "priority": 2147483647,
                        "name": "Allow all",
                        "description": "Allow all access"
                    }
                ],
                "scmIpSecurityRestrictions": [
                    {
                        "ipAddress": "Any",
                        "action": "Allow",
                        "priority": 2147483647,
                        "name": "Allow all",
                        "description": "Allow all access"
                    }
                ],
                "scmIpSecurityRestrictionsUseMain": false,
                "http20Enabled": false,
                "minTlsVersion": "1.2",
                "scmMinTlsVersion": "1.2",
                "ftpsState": "AllAllowed",
                "preWarmedInstanceCount": 0,
                "elasticWebAppScaleLimit": 0,
                "functionsRuntimeScaleMonitoringEnabled": false,
                "minimumElasticInstanceCount": 0,
                "azureStorageAccounts": {}
            }
        },
        {
            "type": "Microsoft.Web/sites/hostNameBindings",
            "apiVersion": "2022-09-01",
            "name": "[concat(parameters('sites_tftecpartiunuvem_name'), '/', parameters('sites_tftecpartiunuvem_name'), '.azurewebsites.net')]",
            "location": "East US",
            "dependsOn": [
                "[resourceId('Microsoft.Web/sites', parameters('sites_tftecpartiunuvem_name'))]"
            ],
            "properties": {
                "siteName": "tftecpartiunuvem",
                "hostNameType": "Verified"
            }
        },
        {
            "type": "Microsoft.Web/sites/snapshots",
            "apiVersion": "2015-08-01",
            "name": "[concat(parameters('sites_tftecpartiunuvem_name'), '/2023-05-05T04_38_42_3157997')]",
            "dependsOn": [
                "[resourceId('Microsoft.Web/sites', parameters('sites_tftecpartiunuvem_name'))]"
            ]
        },
        {
            "type": "Microsoft.Web/sites/snapshots",
            "apiVersion": "2015-08-01",
            "name": "[concat(parameters('sites_tftecpartiunuvem_name'), '/2023-05-05T05_38_42_5929807')]",
            "dependsOn": [
                "[resourceId('Microsoft.Web/sites', parameters('sites_tftecpartiunuvem_name'))]"
            ]
        },
        {
            "type": "Microsoft.Web/sites/snapshots",
            "apiVersion": "2015-08-01",
            "name": "[concat(parameters('sites_tftecpartiunuvem_name'), '/2023-05-05T06_38_42_8780406')]",
            "dependsOn": [
                "[resourceId('Microsoft.Web/sites', parameters('sites_tftecpartiunuvem_name'))]"
            ]
        },
        {
            "type": "Microsoft.Web/sites/snapshots",
            "apiVersion": "2015-08-01",
            "name": "[concat(parameters('sites_tftecpartiunuvem_name'), '/2023-05-05T07_38_43_1630069')]",
            "dependsOn": [
                "[resourceId('Microsoft.Web/sites', parameters('sites_tftecpartiunuvem_name'))]"
            ]
        },
        {
            "type": "Microsoft.Web/sites/snapshots",
            "apiVersion": "2015-08-01",
            "name": "[concat(parameters('sites_tftecpartiunuvem_name'), '/2023-05-05T08_38_43_4322704')]",
            "dependsOn": [
                "[resourceId('Microsoft.Web/sites', parameters('sites_tftecpartiunuvem_name'))]"
            ]
        },
        {
            "type": "Microsoft.Web/sites/snapshots",
            "apiVersion": "2015-08-01",
            "name": "[concat(parameters('sites_tftecpartiunuvem_name'), '/2023-05-05T09_38_43_7263459')]",
            "dependsOn": [
                "[resourceId('Microsoft.Web/sites', parameters('sites_tftecpartiunuvem_name'))]"
            ]
        },
        {
            "type": "Microsoft.Web/sites/snapshots",
            "apiVersion": "2015-08-01",
            "name": "[concat(parameters('sites_tftecpartiunuvem_name'), '/2023-05-05T10_38_44_0074718')]",
            "dependsOn": [
                "[resourceId('Microsoft.Web/sites', parameters('sites_tftecpartiunuvem_name'))]"
            ]
        },
        {
            "type": "Microsoft.Web/sites/snapshots",
            "apiVersion": "2015-08-01",
            "name": "[concat(parameters('sites_tftecpartiunuvem_name'), '/2023-05-05T11_38_44_2956170')]",
            "dependsOn": [
                "[resourceId('Microsoft.Web/sites', parameters('sites_tftecpartiunuvem_name'))]"
            ]
        },
        {
            "type": "Microsoft.Web/sites/snapshots",
            "apiVersion": "2015-08-01",
            "name": "[concat(parameters('sites_tftecpartiunuvem_name'), '/2023-05-05T12_38_44_6036107')]",
            "dependsOn": [
                "[resourceId('Microsoft.Web/sites', parameters('sites_tftecpartiunuvem_name'))]"
            ]
        },
        {
            "type": "Microsoft.Web/sites/snapshots",
            "apiVersion": "2015-08-01",
            "name": "[concat(parameters('sites_tftecpartiunuvem_name'), '/2023-05-05T13_38_44_8868584')]",
            "dependsOn": [
                "[resourceId('Microsoft.Web/sites', parameters('sites_tftecpartiunuvem_name'))]"
            ]
        },
        {
            "type": "Microsoft.Web/sites/snapshots",
            "apiVersion": "2015-08-01",
            "name": "[concat(parameters('sites_tftecpartiunuvem_name'), '/2023-05-05T14_38_45_1690842')]",
            "dependsOn": [
                "[resourceId('Microsoft.Web/sites', parameters('sites_tftecpartiunuvem_name'))]"
            ]
        },
        {
            "type": "Microsoft.Web/sites/snapshots",
            "apiVersion": "2015-08-01",
            "name": "[concat(parameters('sites_tftecpartiunuvem_name'), '/2023-05-05T15_38_45_4481282')]",
            "dependsOn": [
                "[resourceId('Microsoft.Web/sites', parameters('sites_tftecpartiunuvem_name'))]"
            ]
        },
        {
            "type": "Microsoft.Web/sites/snapshots",
            "apiVersion": "2015-08-01",
            "name": "[concat(parameters('sites_tftecpartiunuvem_name'), '/2023-05-05T16_38_45_7462746')]",
            "dependsOn": [
                "[resourceId('Microsoft.Web/sites', parameters('sites_tftecpartiunuvem_name'))]"
            ]
        },
        {
            "type": "Microsoft.Web/sites/snapshots",
            "apiVersion": "2015-08-01",
            "name": "[concat(parameters('sites_tftecpartiunuvem_name'), '/2023-05-05T17_38_46_0165793')]",
            "dependsOn": [
                "[resourceId('Microsoft.Web/sites', parameters('sites_tftecpartiunuvem_name'))]"
            ]
        },
        {
            "type": "Microsoft.Network/networkInterfaces",
            "apiVersion": "2022-09-01",
            "name": "[parameters('networkInterfaces_vm_app626_name')]",
            "location": "eastus",
            "dependsOn": [
                "[resourceId('Microsoft.Network/publicIPAddresses', parameters('publicIPAddresses_vm_app_ip_name'))]",
                "[resourceId('Microsoft.Network/virtualNetworks/subnets', parameters('virtualNetworks_vnet_partiunuvem_name'), 'sub-app')]"
            ],
            "tags": {
                "Ambiente": "Partiunuvem"
            },
            "kind": "Regular",
            "properties": {
                "ipConfigurations": [
                    {
                        "name": "ipconfig1",
                        "id": "[concat(resourceId('Microsoft.Network/networkInterfaces', parameters('networkInterfaces_vm_app626_name')), '/ipConfigurations/ipconfig1')]",
                        "etag": "W/\"621b8f79-8618-470d-8bb4-f2a756d13639\"",
                        "type": "Microsoft.Network/networkInterfaces/ipConfigurations",
                        "properties": {
                            "provisioningState": "Succeeded",
                            "privateIPAddress": "10.0.1.4",
                            "privateIPAllocationMethod": "Dynamic",
                            "publicIPAddress": {
                                "name": "vm-app-ip",
                                "id": "[resourceId('Microsoft.Network/publicIPAddresses', parameters('publicIPAddresses_vm_app_ip_name'))]",
                                "properties": {
                                    "provisioningState": "Succeeded",
                                    "resourceGuid": "2958d4d9-7662-4921-a610-1338f06afffa",
                                    "publicIPAddressVersion": "IPv4",
                                    "publicIPAllocationMethod": "Dynamic",
                                    "idleTimeoutInMinutes": 4,
                                    "ipTags": [],
                                    "ipConfiguration": {
                                        "id": "[concat(resourceId('Microsoft.Network/networkInterfaces', parameters('networkInterfaces_vm_app626_name')), '/ipConfigurations/ipconfig1')]"
                                    },
                                    "deleteOption": "Delete"
                                },
                                "type": "Microsoft.Network/publicIPAddresses",
                                "sku": {
                                    "name": "Basic",
                                    "tier": "Regional"
                                }
                            },
                            "subnet": {
                                "id": "[resourceId('Microsoft.Network/virtualNetworks/subnets', parameters('virtualNetworks_vnet_partiunuvem_name'), 'sub-app')]"
                            },
                            "primary": true,
                            "privateIPAddressVersion": "IPv4"
                        }
                    }
                ],
                "dnsSettings": {
                    "dnsServers": []
                },
                "enableAcceleratedNetworking": false,
                "enableIPForwarding": false,
                "disableTcpStateTracking": false,
                "nicType": "Standard"
            }
        },
        {
            "type": "Microsoft.Network/networkInterfaces",
            "apiVersion": "2022-09-01",
            "name": "[parameters('networkInterfaces_vm_db109_name')]",
            "location": "eastus",
            "dependsOn": [
                "[resourceId('Microsoft.Network/publicIPAddresses', parameters('publicIPAddresses_vm_db_ip_name'))]",
                "[resourceId('Microsoft.Network/virtualNetworks/subnets', parameters('virtualNetworks_vnet_partiunuvem_name'), 'sub-db')]"
            ],
            "tags": {
                "Ambiente": "Partiunuvem"
            },
            "kind": "Regular",
            "properties": {
                "ipConfigurations": [
                    {
                        "name": "ipconfig1",
                        "id": "[concat(resourceId('Microsoft.Network/networkInterfaces', parameters('networkInterfaces_vm_db109_name')), '/ipConfigurations/ipconfig1')]",
                        "etag": "W/\"794097e4-31f2-473f-8042-d8f1d5077bd5\"",
                        "type": "Microsoft.Network/networkInterfaces/ipConfigurations",
                        "properties": {
                            "provisioningState": "Succeeded",
                            "privateIPAddress": "10.0.2.4",
                            "privateIPAllocationMethod": "Dynamic",
                            "publicIPAddress": {
                                "name": "vm-db-ip",
                                "id": "[resourceId('Microsoft.Network/publicIPAddresses', parameters('publicIPAddresses_vm_db_ip_name'))]",
                                "properties": {
                                    "provisioningState": "Succeeded",
                                    "resourceGuid": "92e04ca7-ba02-4976-ac07-8e86d5c00965",
                                    "publicIPAddressVersion": "IPv4",
                                    "publicIPAllocationMethod": "Dynamic",
                                    "idleTimeoutInMinutes": 4,
                                    "ipTags": [],
                                    "ipConfiguration": {
                                        "id": "[concat(resourceId('Microsoft.Network/networkInterfaces', parameters('networkInterfaces_vm_db109_name')), '/ipConfigurations/ipconfig1')]"
                                    },
                                    "deleteOption": "Delete"
                                },
                                "type": "Microsoft.Network/publicIPAddresses",
                                "sku": {
                                    "name": "Basic",
                                    "tier": "Regional"
                                }
                            },
                            "subnet": {
                                "id": "[resourceId('Microsoft.Network/virtualNetworks/subnets', parameters('virtualNetworks_vnet_partiunuvem_name'), 'sub-db')]"
                            },
                            "primary": true,
                            "privateIPAddressVersion": "IPv4"
                        }
                    }
                ],
                "dnsSettings": {
                    "dnsServers": []
                },
                "enableAcceleratedNetworking": false,
                "enableIPForwarding": false,
                "disableTcpStateTracking": false,
                "nicType": "Standard"
            }
        },
        {
            "type": "Microsoft.Network/networkSecurityGroups",
            "apiVersion": "2022-09-01",
            "name": "[parameters('networkSecurityGroups_nsg_app_name')]",
            "location": "eastus",
            "dependsOn": [
                "[resourceId('Microsoft.Network/networkSecurityGroups/securityRules', parameters('networkSecurityGroups_nsg_app_name'), 'Allow_RDP_3389')]",
                "[resourceId('Microsoft.Network/networkSecurityGroups/securityRules', parameters('networkSecurityGroups_nsg_app_name'), 'Allow_HTTP_80')]"
            ],
            "tags": {
                "Ambiente": "Partiunuvem"
            },
            "properties": {
                "securityRules": [
                    {
                        "name": "Allow_RDP_3389",
                        "id": "[resourceId('Microsoft.Network/networkSecurityGroups/securityRules', parameters('networkSecurityGroups_nsg_app_name'), 'Allow_RDP_3389')]",
                        "type": "Microsoft.Network/networkSecurityGroups/securityRules",
                        "properties": {
                            "description": "Allow RDP Port 3389",
                            "protocol": "TCP",
                            "sourcePortRange": "*",
                            "destinationPortRange": "3389",
                            "sourceAddressPrefix": "*",
                            "destinationAddressPrefix": "10.0.1.4",
                            "access": "Allow",
                            "priority": 300,
                            "direction": "Inbound",
                            "sourcePortRanges": [],
                            "destinationPortRanges": [],
                            "sourceAddressPrefixes": [],
                            "destinationAddressPrefixes": []
                        }
                    },
                    {
                        "name": "Allow_HTTP_80",
                        "id": "[resourceId('Microsoft.Network/networkSecurityGroups/securityRules', parameters('networkSecurityGroups_nsg_app_name'), 'Allow_HTTP_80')]",
                        "type": "Microsoft.Network/networkSecurityGroups/securityRules",
                        "properties": {
                            "protocol": "TCP",
                            "sourcePortRange": "*",
                            "destinationPortRange": "80",
                            "sourceAddressPrefix": "*",
                            "destinationAddressPrefix": "10.0.1.4",
                            "access": "Allow",
                            "priority": 200,
                            "direction": "Inbound",
                            "sourcePortRanges": [],
                            "destinationPortRanges": [],
                            "sourceAddressPrefixes": [],
                            "destinationAddressPrefixes": []
                        }
                    }
                ]
            }
        },
        {
            "type": "Microsoft.Network/virtualNetworks/subnets",
            "apiVersion": "2022-09-01",
            "name": "[concat(parameters('virtualNetworks_vnet_partiunuvem_name'), '/sub-app')]",
            "dependsOn": [
                "[resourceId('Microsoft.Network/virtualNetworks', parameters('virtualNetworks_vnet_partiunuvem_name'))]",
                "[resourceId('Microsoft.Network/networkSecurityGroups', parameters('networkSecurityGroups_nsg_app_name'))]"
            ],
            "properties": {
                "addressPrefix": "10.0.1.0/24",
                "networkSecurityGroup": {
                    "id": "[resourceId('Microsoft.Network/networkSecurityGroups', parameters('networkSecurityGroups_nsg_app_name'))]"
                },
                "delegations": [],
                "privateEndpointNetworkPolicies": "Disabled",
                "privateLinkServiceNetworkPolicies": "Enabled"
            }
        },
        {
            "type": "Microsoft.Network/virtualNetworks/subnets",
            "apiVersion": "2022-09-01",
            "name": "[concat(parameters('virtualNetworks_vnet_partiunuvem_name'), '/sub-db')]",
            "dependsOn": [
                "[resourceId('Microsoft.Network/virtualNetworks', parameters('virtualNetworks_vnet_partiunuvem_name'))]",
                "[resourceId('Microsoft.Network/networkSecurityGroups', parameters('networkSecurityGroups_nsg_db_name'))]"
            ],
            "properties": {
                "addressPrefix": "10.0.2.0/24",
                "networkSecurityGroup": {
                    "id": "[resourceId('Microsoft.Network/networkSecurityGroups', parameters('networkSecurityGroups_nsg_db_name'))]"
                },
                "delegations": [],
                "privateEndpointNetworkPolicies": "Disabled",
                "privateLinkServiceNetworkPolicies": "Enabled"
            }
        },
        {
            "type": "Microsoft.Sql/servers/databases/advancedThreatProtectionSettings",
            "apiVersion": "2022-08-01-preview",
            "name": "[concat(parameters('servers_srvdbtftec_name'), '/semananuvem_database/Default')]",
            "dependsOn": [
                "[resourceId('Microsoft.Sql/servers/databases', parameters('servers_srvdbtftec_name'), 'semananuvem_database')]",
                "[resourceId('Microsoft.Sql/servers', parameters('servers_srvdbtftec_name'))]"
            ],
            "properties": {
                "state": "Disabled"
            }
        },
        {
            "type": "Microsoft.Sql/servers/databases/advisors",
            "apiVersion": "2014-04-01",
            "name": "[concat(parameters('servers_srvdbtftec_name'), '/semananuvem_database/CreateIndex')]",
            "dependsOn": [
                "[resourceId('Microsoft.Sql/servers/databases', parameters('servers_srvdbtftec_name'), 'semananuvem_database')]",
                "[resourceId('Microsoft.Sql/servers', parameters('servers_srvdbtftec_name'))]"
            ],
            "properties": {
                "autoExecuteValue": "Disabled"
            }
        },
        {
            "type": "Microsoft.Sql/servers/databases/advisors",
            "apiVersion": "2014-04-01",
            "name": "[concat(parameters('servers_srvdbtftec_name'), '/semananuvem_database/DbParameterization')]",
            "dependsOn": [
                "[resourceId('Microsoft.Sql/servers/databases', parameters('servers_srvdbtftec_name'), 'semananuvem_database')]",
                "[resourceId('Microsoft.Sql/servers', parameters('servers_srvdbtftec_name'))]"
            ],
            "properties": {
                "autoExecuteValue": "Disabled"
            }
        },
        {
            "type": "Microsoft.Sql/servers/databases/advisors",
            "apiVersion": "2014-04-01",
            "name": "[concat(parameters('servers_srvdbtftec_name'), '/semananuvem_database/DefragmentIndex')]",
            "dependsOn": [
                "[resourceId('Microsoft.Sql/servers/databases', parameters('servers_srvdbtftec_name'), 'semananuvem_database')]",
                "[resourceId('Microsoft.Sql/servers', parameters('servers_srvdbtftec_name'))]"
            ],
            "properties": {
                "autoExecuteValue": "Disabled"
            }
        },
        {
            "type": "Microsoft.Sql/servers/databases/advisors",
            "apiVersion": "2014-04-01",
            "name": "[concat(parameters('servers_srvdbtftec_name'), '/semananuvem_database/DropIndex')]",
            "dependsOn": [
                "[resourceId('Microsoft.Sql/servers/databases', parameters('servers_srvdbtftec_name'), 'semananuvem_database')]",
                "[resourceId('Microsoft.Sql/servers', parameters('servers_srvdbtftec_name'))]"
            ],
            "properties": {
                "autoExecuteValue": "Disabled"
            }
        },
        {
            "type": "Microsoft.Sql/servers/databases/advisors",
            "apiVersion": "2014-04-01",
            "name": "[concat(parameters('servers_srvdbtftec_name'), '/semananuvem_database/ForceLastGoodPlan')]",
            "dependsOn": [
                "[resourceId('Microsoft.Sql/servers/databases', parameters('servers_srvdbtftec_name'), 'semananuvem_database')]",
                "[resourceId('Microsoft.Sql/servers', parameters('servers_srvdbtftec_name'))]"
            ],
            "properties": {
                "autoExecuteValue": "Enabled"
            }
        },
        {
            "type": "Microsoft.Sql/servers/databases/auditingPolicies",
            "apiVersion": "2014-04-01",
            "name": "[concat(parameters('servers_srvdbtftec_name'), '/semananuvem_database/Default')]",
            "location": "East US",
            "dependsOn": [
                "[resourceId('Microsoft.Sql/servers/databases', parameters('servers_srvdbtftec_name'), 'semananuvem_database')]",
                "[resourceId('Microsoft.Sql/servers', parameters('servers_srvdbtftec_name'))]"
            ],
            "properties": {
                "auditingState": "Disabled"
            }
        },
        {
            "type": "Microsoft.Sql/servers/databases/auditingSettings",
            "apiVersion": "2022-08-01-preview",
            "name": "[concat(parameters('servers_srvdbtftec_name'), '/semananuvem_database/Default')]",
            "dependsOn": [
                "[resourceId('Microsoft.Sql/servers/databases', parameters('servers_srvdbtftec_name'), 'semananuvem_database')]",
                "[resourceId('Microsoft.Sql/servers', parameters('servers_srvdbtftec_name'))]"
            ],
            "properties": {
                "retentionDays": 0,
                "isAzureMonitorTargetEnabled": false,
                "state": "Disabled",
                "storageAccountSubscriptionId": "00000000-0000-0000-0000-000000000000"
            }
        },
        {
            "type": "Microsoft.Sql/servers/databases/backupLongTermRetentionPolicies",
            "apiVersion": "2022-08-01-preview",
            "name": "[concat(parameters('servers_srvdbtftec_name'), '/semananuvem_database/default')]",
            "dependsOn": [
                "[resourceId('Microsoft.Sql/servers/databases', parameters('servers_srvdbtftec_name'), 'semananuvem_database')]",
                "[resourceId('Microsoft.Sql/servers', parameters('servers_srvdbtftec_name'))]"
            ],
            "properties": {
                "weeklyRetention": "PT0S",
                "monthlyRetention": "PT0S",
                "yearlyRetention": "PT0S",
                "weekOfYear": 0
            }
        },
        {
            "type": "Microsoft.Sql/servers/databases/backupShortTermRetentionPolicies",
            "apiVersion": "2022-08-01-preview",
            "name": "[concat(parameters('servers_srvdbtftec_name'), '/semananuvem_database/default')]",
            "dependsOn": [
                "[resourceId('Microsoft.Sql/servers/databases', parameters('servers_srvdbtftec_name'), 'semananuvem_database')]",
                "[resourceId('Microsoft.Sql/servers', parameters('servers_srvdbtftec_name'))]"
            ],
            "properties": {
                "retentionDays": 7,
                "diffBackupIntervalInHours": 24
            }
        },
        {
            "type": "Microsoft.Sql/servers/databases/extendedAuditingSettings",
            "apiVersion": "2022-08-01-preview",
            "name": "[concat(parameters('servers_srvdbtftec_name'), '/semananuvem_database/Default')]",
            "dependsOn": [
                "[resourceId('Microsoft.Sql/servers/databases', parameters('servers_srvdbtftec_name'), 'semananuvem_database')]",
                "[resourceId('Microsoft.Sql/servers', parameters('servers_srvdbtftec_name'))]"
            ],
            "properties": {
                "retentionDays": 0,
                "isAzureMonitorTargetEnabled": false,
                "state": "Disabled",
                "storageAccountSubscriptionId": "00000000-0000-0000-0000-000000000000"
            }
        },
        {
            "type": "Microsoft.Sql/servers/databases/geoBackupPolicies",
            "apiVersion": "2022-08-01-preview",
            "name": "[concat(parameters('servers_srvdbtftec_name'), '/semananuvem_database/Default')]",
            "dependsOn": [
                "[resourceId('Microsoft.Sql/servers/databases', parameters('servers_srvdbtftec_name'), 'semananuvem_database')]",
                "[resourceId('Microsoft.Sql/servers', parameters('servers_srvdbtftec_name'))]"
            ],
            "properties": {
                "state": "Disabled"
            }
        },
        {
            "type": "Microsoft.Sql/servers/databases/ledgerDigestUploads",
            "apiVersion": "2022-08-01-preview",
            "name": "[concat(parameters('servers_srvdbtftec_name'), '/semananuvem_database/Current')]",
            "dependsOn": [
                "[resourceId('Microsoft.Sql/servers/databases', parameters('servers_srvdbtftec_name'), 'semananuvem_database')]",
                "[resourceId('Microsoft.Sql/servers', parameters('servers_srvdbtftec_name'))]"
            ],
            "properties": {}
        },
        {
            "type": "Microsoft.Sql/servers/databases/securityAlertPolicies",
            "apiVersion": "2022-08-01-preview",
            "name": "[concat(parameters('servers_srvdbtftec_name'), '/semananuvem_database/Default')]",
            "dependsOn": [
                "[resourceId('Microsoft.Sql/servers/databases', parameters('servers_srvdbtftec_name'), 'semananuvem_database')]",
                "[resourceId('Microsoft.Sql/servers', parameters('servers_srvdbtftec_name'))]"
            ],
            "properties": {
                "state": "Disabled",
                "disabledAlerts": [
                    ""
                ],
                "emailAddresses": [
                    ""
                ],
                "emailAccountAdmins": false,
                "retentionDays": 0
            }
        },
        {
            "type": "Microsoft.Sql/servers/databases/transparentDataEncryption",
            "apiVersion": "2022-08-01-preview",
            "name": "[concat(parameters('servers_srvdbtftec_name'), '/semananuvem_database/Current')]",
            "dependsOn": [
                "[resourceId('Microsoft.Sql/servers/databases', parameters('servers_srvdbtftec_name'), 'semananuvem_database')]",
                "[resourceId('Microsoft.Sql/servers', parameters('servers_srvdbtftec_name'))]"
            ],
            "properties": {
                "state": "Enabled"
            }
        },
        {
            "type": "Microsoft.Sql/servers/databases/vulnerabilityAssessments",
            "apiVersion": "2022-08-01-preview",
            "name": "[concat(parameters('servers_srvdbtftec_name'), '/semananuvem_database/Default')]",
            "dependsOn": [
                "[resourceId('Microsoft.Sql/servers/databases', parameters('servers_srvdbtftec_name'), 'semananuvem_database')]",
                "[resourceId('Microsoft.Sql/servers', parameters('servers_srvdbtftec_name'))]"
            ],
            "properties": {
                "recurringScans": {
                    "isEnabled": false,
                    "emailSubscriptionAdmins": true
                }
            }
        },
        {
            "type": "Microsoft.Network/virtualNetworks",
            "apiVersion": "2022-09-01",
            "name": "[parameters('virtualNetworks_vnet_partiunuvem_name')]",
            "location": "eastus",
            "dependsOn": [
                "[resourceId('Microsoft.Network/virtualNetworks/subnets', parameters('virtualNetworks_vnet_partiunuvem_name'), 'sub-app')]",
                "[resourceId('Microsoft.Network/networkSecurityGroups', parameters('networkSecurityGroups_nsg_app_name'))]",
                "[resourceId('Microsoft.Network/virtualNetworks/subnets', parameters('virtualNetworks_vnet_partiunuvem_name'), 'sub-db')]",
                "[resourceId('Microsoft.Network/networkSecurityGroups', parameters('networkSecurityGroups_nsg_db_name'))]"
            ],
            "tags": {
                "Ambiente": "Partiunuvem"
            },
            "properties": {
                "addressSpace": {
                    "addressPrefixes": [
                        "10.0.0.0/16"
                    ]
                },
                "subnets": [
                    {
                        "name": "sub-app",
                        "id": "[resourceId('Microsoft.Network/virtualNetworks/subnets', parameters('virtualNetworks_vnet_partiunuvem_name'), 'sub-app')]",
                        "properties": {
                            "addressPrefix": "10.0.1.0/24",
                            "networkSecurityGroup": {
                                "id": "[resourceId('Microsoft.Network/networkSecurityGroups', parameters('networkSecurityGroups_nsg_app_name'))]"
                            },
                            "delegations": [],
                            "privateEndpointNetworkPolicies": "Disabled",
                            "privateLinkServiceNetworkPolicies": "Enabled"
                        },
                        "type": "Microsoft.Network/virtualNetworks/subnets"
                    },
                    {
                        "name": "sub-db",
                        "id": "[resourceId('Microsoft.Network/virtualNetworks/subnets', parameters('virtualNetworks_vnet_partiunuvem_name'), 'sub-db')]",
                        "properties": {
                            "addressPrefix": "10.0.2.0/24",
                            "networkSecurityGroup": {
                                "id": "[resourceId('Microsoft.Network/networkSecurityGroups', parameters('networkSecurityGroups_nsg_db_name'))]"
                            },
                            "delegations": [],
                            "privateEndpointNetworkPolicies": "Disabled",
                            "privateLinkServiceNetworkPolicies": "Enabled"
                        },
                        "type": "Microsoft.Network/virtualNetworks/subnets"
                    }
                ],
                "virtualNetworkPeerings": [],
                "enableDdosProtection": false
            }
        }
    ]
}